id	num	neg|score	neg|p-value	neg|fdr	neg|rank	neg|goodsgrna	pos|score	pos|p-value	pos|fdr	pos|rank	pos|goodsgrna
POLR2I	6	4.9632e-06	4.6703e-05	0.012376	1	5	0.78744	0.83057	0.999953	437	1
GAPDH	6	8.2824e-06	4.6703e-05	0.012376	2	5	0.062796	0.15927	0.830795	97	1
ANAPC5	6	1.8006e-05	0.00010275	0.018152	3	3	0.46187	0.61884	0.973996	335	1
SMC1A	6	5.2734e-05	0.00036428	0.048267	4	5	0.99926	0.99932	0.999953	528	0
RRM2	6	7.3109e-05	0.00047637	0.050495	5	5	0.73953	0.80903	0.999953	428	1
PCNA	6	0.00013004	0.00070054	0.061881	6	6	0.99987	0.99995	0.999953	530	0
DNA2	6	0.00021873	0.0010368	0.076114	7	6	0.99943	0.99954	0.999953	529	0
PSMB5	6	0.00024457	0.0011489	0.076114	8	5	0.19066	0.35445	0.889721	210	1
TOP2A	6	0.00033549	0.0016346	0.09626	9	3	0.57808	0.70703	0.986126	380	1
RPA3	6	0.00036193	0.0018214	0.096535	10	4	0.6062	0.72973	0.993783	389	1
ANAPC4	6	0.00059453	0.002961	0.142664	11	4	0.66536	0.77709	0.995677	410	2
HAUS1	6	0.00088288	0.0041939	0.182815	12	5	0.94845	0.94759	0.999953	487	0
PSMB7	6	0.0010186	0.0046423	0.182815	13	5	0.98989	0.98957	0.999953	518	0
MAD2L1	6	0.00106	0.0048291	0.182815	14	4	0.94615	0.94539	0.999953	486	0
POLR2D	6	0.0013812	0.0059873	0.201423	15	5	0.67499	0.78465	0.995677	417	1
RAD9A	6	0.0014348	0.0060807	0.201423	16	5	0.993	0.99302	0.999953	520	0
H2AFX	6	0.0015658	0.0066225	0.206465	17	4	0.9985	0.99866	0.999953	527	0
CDC20	6	0.0017705	0.0073323	0.215897	18	5	0.89437	0.89612	0.999953	462	1
CDC23	6	0.0024862	0.010116	0.282178	19	5	0.091523	0.21495	0.841189	133	1
PSMB3	6	0.0026376	0.010826	0.286881	20	5	0.93077	0.93022	0.999953	476	0
PSMD12	6	0.0028572	0.011891	0.300094	21	5	0.99647	0.9967	0.999953	524	0
PSMD4	6	0.0030677	0.0126	0.303555	22	3	0.6647	0.77642	0.995677	409	2
PSMA7	6	0.0036209	0.01473	0.335602	23	2	0.43824	0.60048	0.973249	327	1
MUS81	6	0.0037528	0.015197	0.335602	24	5	0.99537	0.99553	0.999953	522	0
PSMA6	6	0.004092	0.016355	0.345681	25	4	0.37941	0.56026	0.951318	310	2
POLR2J	6	0.0046088	0.018093	0.345681	26	5	0.9977	0.9979	0.999953	525	0
GINS3	6	0.0047599	0.018448	0.345681	27	5	0.14138	0.29222	0.856917	178	1
RAD21	6	0.0048766	0.018728	0.345681	28	3	0.69531	0.79213	0.997877	420	1
RBBP4	6	0.004949	0.018915	0.345681	29	3	0.28836	0.47133	0.91829	270	1
PSMC1	6	0.005124	0.019699	0.34802	30	5	0.90317	0.90397	0.999953	468	1
PSMC2	6	0.0053213	0.02054	0.351166	31	3	0.98196	0.98153	0.999953	513	0
CDC45	6	0.0057906	0.021904	0.362778	32	4	0.86997	0.87804	0.999953	454	1
MDM2	6	0.0064529	0.024239	0.382499	33	4	0.86152	0.8724	0.999953	451	1
SPDL1	6	0.0065601	0.024538	0.382499	34	4	0.51314	0.65751	0.979765	353	2
PSMC4	6	0.006894	0.02564	0.38826	35	3	0.49054	0.64051	0.979765	346	1
POLE2	6	0.0071459	0.026574	0.391227	36	3	0.55461	0.68914	0.979765	369	2
PPP4C	6	0.0075386	0.027956	0.400455	37	4	0.79575	0.83483	0.999953	439	1
PLK1	6	0.0079199	0.029171	0.406853	38	4	0.96614	0.9659	0.999953	499	0
RUVBL1	6	0.0090587	0.032384	0.440086	39	3	0.22107	0.39063	0.891323	232	1
PNKP	6	0.0096703	0.03386	0.448639	40	4	0.74613	0.81195	0.999953	429	1
HAUS8	6	0.011685	0.038791	0.501449	41	3	0.8801	0.88521	0.999953	458	1
WRN	6	0.012894	0.042173	0.503637	42	3	0.97451	0.97395	0.999953	505	0
PSMA5	6	0.013237	0.043013	0.503637	43	4	0.64066	0.75665	0.995677	400	1
PSMC3	6	0.013501	0.04363	0.503637	44	3	0.4582	0.61593	0.973996	334	1
WEE1	6	0.013774	0.044396	0.503637	45	3	0.21951	0.38867	0.891323	231	2
GTF2E2	6	0.01405	0.045143	0.503637	46	3	0.4498	0.60948	0.973996	330	2
CDC16	6	0.014243	0.04561	0.503637	47	4	0.95741	0.95717	0.999953	492	0
PSMD14	6	0.014309	0.045778	0.503637	48	3	0.99537	0.99553	0.999953	523	0
RBX1	6	0.014612	0.046563	0.503637	49	4	0.98896	0.98858	0.999953	516	0
POLR2L	6	0.015791	0.049253	0.517861	50	3	0.058909	0.15183	0.830795	94	2
VCP	6	0.016085	0.049832	0.517861	51	4	0.92144	0.92121	0.999953	472	1
MCM7	6	0.018864	0.05652	0.56915	52	4	0.96528	0.96509	0.999953	498	0
UBA52	6	0.020283	0.060013	0.56915	53	3	0.48379	0.63541	0.976137	345	2
CHEK1	6	0.02098	0.061975	0.56915	54	3	0.85993	0.87156	0.999953	450	1
SLX1B	6	0.021093	0.062124	0.56915	55	4	0.2144	0.38275	0.889721	228	2
ORC1	6	0.02131	0.062909	0.56915	56	1	0.061573	0.15717	0.830795	96	3
POLR2K	6	0.021874	0.064272	0.56915	57	3	0.93674	0.93659	0.999953	482	0
BARD1	6	0.022335	0.06515	0.56915	58	4	0.49635	0.64514	0.979765	348	1
PSMD7	6	0.022421	0.065356	0.56915	59	4	0.97499	0.9744	0.999953	506	0
KIF11	6	0.022589	0.065617	0.56915	60	4	0.66733	0.77894	0.995677	411	2
REV3L	6	0.022606	0.065636	0.56915	61	3	0.98962	0.98921	0.999953	517	0
ERCC2	6	0.02332	0.06756	0.56915	62	2	0.16372	0.31972	0.883537	190	2
ING1	6	0.023364	0.067654	0.56915	63	4	0.9207	0.92043	0.999953	471	1
MCM6	6	0.024831	0.071259	0.571376	64	4	0.93165	0.9313	0.999953	478	0
ORC6	6	0.024894	0.07139	0.571376	65	2	0.14317	0.29469	0.856917	180	2
POLR2E	6	0.025242	0.072137	0.571376	66	4	0.58205	0.7098	0.987383	381	2
PKMYT1	6	0.025278	0.072231	0.571376	67	4	0.55327	0.68818	0.979765	367	2
XRCC6	6	0.026077	0.074136	0.577825	68	4	0.84627	0.86265	0.999953	447	1
GTF2H2	6	0.029299	0.082132	0.622136	69	4	0.71384	0.79911	0.998891	424	1
CDC7	6	0.029328	0.082169	0.622136	70	3	0.98402	0.98381	0.999953	514	0
UBB	6	0.031832	0.088278	0.652434	71	3	0.71885	0.80106	0.998963	425	1
MMS22L	6	0.031944	0.088633	0.652434	72	2	0.41274	0.58262	0.961764	321	2
PSMB1	6	0.03311	0.091379	0.658884	73	4	0.62285	0.7432	0.995677	393	1
PSMD1	6	0.033434	0.091995	0.658884	74	4	0.97829	0.97748	0.999953	511	0
PRIM1	6	0.035305	0.096124	0.679274	75	1	0.97313	0.97283	0.999953	502	0
SLX4	6	0.036352	0.098403	0.681418	76	4	0.10468	0.2406	0.841189	148	1
PSMD8	6	0.037055	0.10007	0.681418	77	3	0.84192	0.86003	0.999953	445	1
GINS1	6	0.037268	0.10059	0.681418	78	3	0.93529	0.93526	0.999953	480	0
YBX1	6	0.037959	0.10233	0.681418	79	4	0.47994	0.63218	0.973996	344	1
UBE2I	6	0.038828	0.10455	0.681418	80	3	0.89054	0.89291	0.999953	460	1
PSMB4	6	0.039275	0.10543	0.681418	81	4	0.96083	0.9605	0.999953	494	0
PSMA3	6	0.039277	0.10543	0.681418	82	2	0.56289	0.69528	0.979765	375	1
MAD2L2	6	0.042665	0.1131	0.722235	83	3	0.0030677	0.013609	0.554836	13	1
SMC6	6	0.043456	0.11486	0.724717	84	4	0.54936	0.68523	0.979765	366	1
RFC3	6	0.0452	0.11893	0.741584	85	3	0.99087	0.99069	0.999953	519	0
STAG2	6	0.045876	0.12033	0.741596	86	4	0.99841	0.99859	0.999953	526	0
PSMC5	6	0.047227	0.12325	0.743949	87	2	0.99503	0.99515	0.999953	521	0
RFC5	6	0.04796	0.12478	0.743949	88	4	0.97353	0.97305	0.999953	503	0
POLD4	6	0.048765	0.12627	0.743949	89	3	0.82299	0.8495	0.999953	442	1
CDC26	6	0.04881	0.12633	0.743949	90	4	0.36937	0.55359	0.951318	306	2
CDK2	6	0.051199	0.13121	0.764171	91	4	0.88525	0.88914	0.999953	459	1
RPA2	6	0.052984	0.13552	0.770072	92	4	0.62917	0.74815	0.995677	395	1
PSMB6	6	0.053054	0.13565	0.770072	93	2	0.44243	0.60361	0.973996	328	2
POLR2C	6	0.053701	0.13709	0.770072	94	2	0.65074	0.76502	0.995677	405	2
PSMC6	6	0.054097	0.13816	0.770072	95	3	0.23919	0.41277	0.893622	241	1
GINS2	6	0.055759	0.14171	0.770072	96	3	0.97937	0.97854	0.999953	512	0
RFC4	6	0.056799	0.14367	0.770072	97	2	0.61088	0.73315	0.993783	391	1
AURKB	6	0.056909	0.14385	0.770072	98	4	0.34355	0.53485	0.951318	293	2
POLD3	6	0.057859	0.14582	0.770072	99	4	0.12969	0.27765	0.856917	169	2
TUBB4B	6	0.058098	0.14619	0.770072	100	4	0.97726	0.97642	0.999953	510	0
EME2	6	0.058338	0.14675	0.770072	101	4	0.16596	0.3228	0.883537	192	2
ANAPC15	6	0.059736	0.14972	0.77319	102	3	0.080121	0.19237	0.839229	121	1
PTTG1	6	0.059965	0.15026	0.77319	103	3	0.96427	0.96425	0.999953	497	0
MCM4	6	0.061035	0.15262	0.777751	104	3	0.2902	0.47358	0.91829	272	3
POLH	6	0.06267	0.1551	0.782595	105	3	0.60919	0.73195	0.993783	390	2
PPP4R2	6	0.063999	0.15706	0.782595	106	3	0.96675	0.96642	0.999953	500	0
ANAPC10	6	0.064734	0.158	0.782595	107	2	0.55773	0.69138	0.979765	372	1
POLR2H	6	0.069464	0.16523	0.810827	108	3	0.11026	0.25105	0.841189	156	1
POLR2A	6	0.070988	0.16762	0.815015	109	2	0.21941	0.38858	0.891323	230	2
CDK1	6	0.073276	0.17188	0.828128	110	2	0.977	0.97625	0.999953	509	0
ESPL1	6	0.076174	0.17593	0.837422	111	2	0.099073	0.22992	0.841189	141	4
HUS1	6	0.076758	0.17703	0.837422	112	2	0.84841	0.86403	0.999953	448	1
PARG	6	0.077741	0.17854	0.837422	113	3	0.27436	0.45475	0.906518	265	2
RNF4	6	0.081493	0.18411	0.849581	114	3	0.67659	0.78527	0.995677	418	1
INO80E	6	0.083403	0.18684	0.849581	115	3	0.60347	0.72727	0.993429	388	2
POLR1A	6	0.083788	0.18727	0.849581	116	3	0.13414	0.28314	0.856917	174	2
SUMO1	6	0.083935	0.18755	0.849581	117	1	0.84104	0.85943	0.999953	444	1
RAD54L	6	0.094526	0.20339	0.909435	118	3	0.38526	0.56442	0.951318	314	2
RCC1	6	0.095027	0.20419	0.909435	119	2	0.31681	0.50367	0.939949	284	3
SMC5	6	0.09867	0.21	0.927517	120	3	0.53332	0.67251	0.979765	361	1
MCM2	6	0.10141	0.21408	0.937689	121	2	0.39108	0.56834	0.951318	316	1
SHFM1	6	0.10723	0.22217	0.943593	122	3	0.96415	0.96405	0.999953	496	0
KAT5	6	0.10794	0.22321	0.943593	123	2	0.65409	0.76773	0.995677	408	2
TXN	6	0.10854	0.2242	0.943593	124	3	0.93816	0.93761	0.999953	484	0
HAUS7	6	0.10942	0.22555	0.943593	125	3	0.96782	0.96739	0.999953	501	0
RBM14	6	0.11026	0.22661	0.943593	126	2	0.2026	0.36851	0.889721	218	2
KIF23	6	0.11208	0.22956	0.943593	127	3	0.47037	0.6254	0.973996	339	1
ERCC3	6	0.11212	0.22964	0.943593	128	1	0.56186	0.69467	0.979765	374	2
DNAJC2	6	0.11343	0.2318	0.943593	129	3	0.02131	0.070755	0.783373	43	2
XRCC5	6	0.11397	0.23278	0.943593	130	2	0.89593	0.89728	0.999953	463	1
POLR2F	6	0.1146	0.23378	0.943593	131	2	0.18894	0.35226	0.889721	208	1
GINS4	6	0.11582	0.2359	0.943593	132	2	0.30903	0.49564	0.939949	279	2
MCM3	6	0.11767	0.23832	0.943593	133	2	0.26418	0.44268	0.905864	259	2
TAF2	6	0.11934	0.24047	0.943593	134	2	0.92716	0.92687	0.999953	473	0
UVRAG	6	0.12002	0.24146	0.943593	135	2	0.21785	0.38678	0.891323	229	3
FEN1	6	0.12135	0.24385	0.943593	136	1	0.6493	0.76407	0.995677	404	1
TIPIN	6	0.12139	0.24391	0.943593	137	2	0.35177	0.54122	0.951318	298	2
TRRAP	6	0.12319	0.24656	0.946944	138	1	0.47897	0.63137	0.973996	342	2
MCM5	6	0.12492	0.24899	0.949391	139	3	0.24407	0.41848	0.893622	244	2
POLA1	6	0.1283	0.2543	0.962694	140	3	0.61737	0.73872	0.995677	392	1
UBE2C	6	0.13233	0.25999	0.971855	141	3	0.16808	0.32586	0.883537	194	1
PSMB2	6	0.13352	0.26156	0.971855	142	3	0.37048	0.55426	0.951318	307	1
PLA2G1B	6	0.134	0.26222	0.971855	143	3	0.54872	0.68471	0.979765	365	2
NIPBL	6	0.13596	0.26519	0.972433	144	1	0.10466	0.24058	0.841189	147	3
EME1	6	0.13674	0.26648	0.972433	145	2	0.31656	0.50335	0.939949	283	2
RPS27A	6	0.13777	0.26788	0.972433	146	3	0.013237	0.046637	0.749025	33	3
ATR	6	0.13958	0.27012	0.9739	147	2	0.21368	0.38187	0.889721	227	3
SGOL2	6	0.14188	0.27326	0.978559	148	3	0.95799	0.95773	0.999953	493	0
POLR1B	6	0.1459	0.27907	0.992657	149	3	0.94151	0.94086	0.999953	485	0
XRCC2	6	0.14895	0.2829	0.999571	150	3	0.065343	0.16397	0.830795	102	3
FANCE	6	0.15202	0.28746	0.999991	151	3	0.20599	0.37285	0.889721	221	1
CEP192	6	0.15513	0.29192	0.999991	152	3	0.42674	0.59181	0.968082	324	1
RPA1	6	0.15571	0.29259	0.999991	153	2	0.75003	0.81368	0.999953	431	1
ANAPC7	6	0.16148	0.30106	0.999991	154	2	0.073908	0.18097	0.830795	113	4
SLX1A	6	0.16195	0.30177	0.999991	155	3	0.16632	0.32336	0.883537	193	2
UBC	6	0.16354	0.30375	0.999991	156	3	0.36348	0.54944	0.951318	303	1
TUBB	6	0.16456	0.30537	0.999991	157	2	0.9355	0.93545	0.999953	481	0
RMI1	6	0.16514	0.30634	0.999991	158	3	0.39782	0.57259	0.951318	319	1
INO80	6	0.16632	0.30808	0.999991	159	2	0.083186	0.19846	0.841189	125	4
POLG	6	0.16674	0.30849	0.999991	160	3	0.79357	0.83399	0.999953	438	1
SF3B3	6	0.17334	0.31749	0.999991	161	1	0.67177	0.78254	0.995677	415	1
RAD51B	6	0.17378	0.31809	0.999991	162	3	0.73414	0.8069	0.999953	426	1
CLK2	6	0.18372	0.33212	0.999991	163	3	0.47875	0.63126	0.973996	341	2
CDC25A	6	0.18428	0.33274	0.999991	164	3	0.86464	0.87434	0.999953	453	1
WDR33	6	0.18596	0.33477	0.999991	165	3	0.16889	0.32674	0.883537	196	3
UBTF	6	0.19409	0.34611	0.999991	166	2	0.50894	0.65426	0.979765	351	1
SUPT3H	6	0.20021	0.35508	0.999991	167	3	0.52677	0.66823	0.979765	359	1
GEN1	6	0.20195	0.35758	0.999991	168	3	0.49287	0.64236	0.979765	347	1
HAUS3	6	0.2043	0.36087	0.999991	169	2	0.69834	0.79308	0.997877	421	1
RAD51	6	0.20485	0.36183	0.999991	170	3	0.059094	0.15215	0.830795	95	3
PSMD3	6	0.20523	0.36222	0.999991	171	3	0.97518	0.9746	0.999953	507	0
HAUS5	6	0.20719	0.36496	0.999991	172	3	0.0051085	0.02054	0.663658	16	1
RDM1	6	0.20837	0.36661	0.999991	173	3	0.87475	0.88123	0.999953	456	1
FUS	6	0.21072	0.36958	0.999991	174	3	0.92808	0.92768	0.999953	474	0
RAD50	6	0.21235	0.3716	0.999991	175	2	0.35358	0.54247	0.951318	299	1
CDKN1A	6	0.21309	0.37244	0.999991	176	3	0.18882	0.35209	0.889721	207	2
ESCO1	6	0.21427	0.37391	0.999991	177	3	0.14389	0.29553	0.856917	181	2
RAD51C	6	0.21607	0.37625	0.999991	178	2	0.82202	0.84899	0.999953	441	1
LIG4	6	0.21785	0.37849	0.999991	179	3	0.13109	0.27953	0.856917	171	2
CHEK2	6	0.21904	0.37998	0.999991	180	3	0.64058	0.75661	0.995677	399	2
POLD2	6	0.22446	0.38704	0.999991	181	3	0.14678	0.29896	0.856917	184	3
TPR	6	0.22673	0.39024	0.999991	182	2	0.53647	0.675	0.979765	362	2
CCNB2	6	0.22931	0.39384	0.999991	183	3	0.66864	0.78	0.995677	413	2
XPA	6	0.23053	0.39577	0.999991	184	3	0.11192	0.25392	0.841189	158	2
PALB2	6	0.231	0.3964	0.999991	185	2	0.25106	0.42657	0.893622	251	2
GTF2H3	6	0.23317	0.39956	0.999991	186	2	0.91665	0.91649	0.999953	470	1
PSMA4	6	0.2342	0.40081	0.999991	187	3	0.63785	0.7545	0.995677	398	2
TAF1A	6	0.24046	0.40604	0.999991	188	2	0.030056	0.090314	0.783373	59	4
POLE	6	0.24082	0.40623	0.999991	189	1	0.046261	0.12564	0.783373	83	3
DDB1	6	0.24616	0.40995	0.999991	190	2	0.43188	0.59573	0.969948	325	1
TOP1	6	0.24731	0.4109	0.999991	191	2	0.12868	0.27638	0.856917	168	2
NonTargetControl_0006	1	0.25102	0.41368	0.999991	192	1	0.74898	0.81322	0.999953	430	0
CENPE	6	0.25597	0.41774	0.999991	193	2	0.31405	0.50092	0.939949	282	2
DNAJA3	6	0.26014	0.42153	0.999991	194	1	0.1855	0.34776	0.889721	205	1
NonTargetControl_0045	1	0.26126	0.42273	0.999991	195	1	0.73874	0.80866	0.999953	427	0
BRCA1	6	0.26807	0.42803	0.999991	196	2	0.67338	0.78359	0.995677	416	1
ANAPC2	6	0.27161	0.43093	0.999991	197	2	0.28061	0.46173	0.916546	267	3
LIG1	6	0.27409	0.43265	0.999991	198	2	0.035305	0.10262	0.783373	67	3
POLL	6	0.29068	0.44559	0.999991	199	2	0.23543	0.40858	0.893622	238	3
TAF5L	6	0.29568	0.44966	0.999991	200	2	0.091264	0.21452	0.841189	132	2
UBE2V1	6	0.29756	0.45129	0.999991	201	2	0.3101	0.49683	0.939949	280	3
XRN2	6	0.29818	0.45176	0.999991	202	2	0.15571	0.30946	0.877085	187	2
PPP2R1A	6	0.30152	0.45445	0.999991	203	2	0.34786	0.53857	0.951318	295	1
PRIM2	6	0.31991	0.46956	0.999991	204	2	0.98564	0.98534	0.999953	515	0
C19orf40	6	0.32661	0.47569	0.999991	205	2	0.038382	0.10916	0.783373	72	2
CLSPN	6	0.33919	0.48729	0.999991	206	2	0.85753	0.87016	0.999953	449	1
RAD23B	6	0.34254	0.48981	0.999991	207	2	0.15721	0.31135	0.877739	188	3
CHTF18	6	0.34841	0.49454	0.999991	208	2	0.029328	0.088558	0.783373	58	2
ANAPC11	6	0.35009	0.4961	0.999991	209	2	0.22748	0.39861	0.893622	236	3
TDG	6	0.35642	0.50191	0.999991	210	1	0.38276	0.56255	0.951318	312	2
XAB2	6	0.35784	0.50281	0.999991	211	2	0.52457	0.66661	0.979765	358	1
BUB1B	6	0.35925	0.50425	0.999991	212	1	0.0002124	0.00096208	0.25495	2	3
HAUS4	6	0.36183	0.50634	0.999991	213	2	0.17683	0.33679	0.889721	200	1
SMEK1	6	0.36267	0.50709	0.999991	214	2	0.97373	0.9732	0.999953	504	0
POLD1	6	0.36434	0.50862	0.999991	215	2	0.13062	0.27888	0.856917	170	3
APITD1	6	0.36488	0.50896	0.999991	216	1	0.81309	0.84406	0.999953	440	1
DBF4	6	0.37464	0.51705	0.999991	217	1	0.53224	0.67188	0.979765	360	2
C17orf70	6	0.37607	0.51862	0.999991	218	2	0.015684	0.053923	0.783373	36	4
TOP3A	6	0.3769	0.51921	0.999991	219	2	0.03311	0.097842	0.783373	64	4
CHAF1B	6	0.37774	0.51987	0.999991	220	2	0.28819	0.47118	0.91829	269	2
UBE2A	6	0.37941	0.52119	0.999991	221	2	0.14489	0.29693	0.856917	182	3
MCM10	6	0.38443	0.52538	0.999991	222	2	0.20091	0.3667	0.889721	217	1
CHD4	6	0.38564	0.52646	0.999991	223	1	0.24845	0.42347	0.893622	249	3
PSMA8	6	0.3861	0.527	0.999991	224	2	0.17508	0.33466	0.889721	199	2
FANCG	6	0.3886	0.5291	0.999991	225	2	0.12345	0.26947	0.856917	166	2
RAD54B	6	0.39528	0.53496	0.999991	226	2	0.30402	0.48973	0.933667	278	2
CACYBP	6	0.39611	0.53563	0.999991	227	2	0.86191	0.87272	0.999953	452	1
RAD51D	6	0.39647	0.53601	0.999991	228	1	0.0010004	0.0050719	0.447666	4	5
PARP2	6	0.4036	0.5424	0.999991	229	2	0.26748	0.44666	0.906518	260	2
POLQ	6	0.4045	0.54299	0.999991	230	2	0.087773	0.20733	0.841189	129	4
NonTargetControl_0016	1	0.40461	0.54307	0.999991	231	0	0.59539	0.7208	0.993429	384	0
RECQL4	6	0.4144	0.55168	0.999991	232	2	0.037291	0.10681	0.783373	71	3
PSME2	6	0.41636	0.55306	0.999991	233	1	0.20936	0.37677	0.889721	223	2
IP6K3	6	0.41688	0.55344	0.999991	234	2	0.027364	0.084056	0.783373	52	4
PSME1	6	0.41767	0.55404	0.999991	235	1	0.52408	0.6662	0.979765	357	2
APEX1	6	0.42157	0.55751	0.999991	236	1	0.76511	0.81983	0.999953	433	1
RTEL1	6	0.4235	0.55934	0.999991	237	2	0.047227	0.12784	0.783373	86	3
SPICE1	6	0.4301	0.5648	0.999991	238	2	0.23884	0.41245	0.893622	240	2
CCNH	6	0.43443	0.56863	0.999991	239	1	0.047538	0.12859	0.783373	87	4
PSMD9	6	0.44571	0.57877	0.999991	240	2	0.39243	0.56913	0.951318	317	2
UBE2B	6	0.46444	0.59758	0.999991	241	2	0.97665	0.97595	0.999953	508	0
RAD18	6	0.46606	0.59926	0.999991	242	2	0.32965	0.51953	0.951318	287	3
PSMA2	6	0.46674	0.5998	0.999991	243	1	0.36183	0.54808	0.951318	302	2
UBE2T	6	0.46687	0.59993	0.999991	244	2	0.069854	0.17255	0.830795	107	4
UBE2N	6	0.46795	0.60092	0.999991	245	1	0.31345	0.50031	0.939949	281	3
POLA2	6	0.47157	0.60425	0.999991	246	1	0.66798	0.77957	0.995677	412	2
TOP3B	6	0.47576	0.60774	0.999991	247	2	0.95406	0.95364	0.999953	490	0
ALKBH1	6	0.47817	0.61	0.999991	248	2	0.027329	0.084037	0.783373	51	3
IGHMBP2	6	0.48138	0.61294	0.999991	249	2	0.10898	0.24865	0.841189	154	3
UBE2E1	6	0.48379	0.61538	0.999991	250	2	0.33305	0.52336	0.951318	290	3
NonTargetControl_0031	1	0.48447	0.61606	0.999991	251	0	0.51553	0.65895	0.979765	355	0
POLDIP2	6	0.48539	0.61692	0.999991	252	2	0.45469	0.61344	0.973996	331	2
UBE2V2	6	0.48859	0.61974	0.999991	253	2	0.046743	0.12672	0.783373	84	2
MAP9	6	0.49338	0.62448	0.999991	254	2	0.22432	0.39474	0.893622	234	3
MRE11A	6	0.49417	0.62523	0.999991	255	2	0.10654	0.24421	0.841189	151	2
ZBTB32	6	0.49576	0.62667	0.999991	256	2	0.01526	0.05269	0.783373	34	1
MDC1	6	0.49973	0.63055	0.999991	257	2	0.47334	0.62736	0.973996	340	2
DSCC1	6	0.49981	0.63061	0.999991	258	2	0.55706	0.69093	0.979765	371	2
NonTargetControl_0044	1	0.50051	0.63124	0.999991	259	0	0.49949	0.64761	0.979765	350	0
NonTargetControl_0032	1	0.50085	0.63154	0.999991	260	0	0.49915	0.64729	0.979765	349	0
CSNK1E	6	0.50211	0.63268	0.999991	261	2	0.17334	0.33257	0.889721	198	2
BUB1	6	0.5029	0.63332	0.999991	262	2	0.93121	0.93076	0.999953	477	0
POLR2G	6	0.50325	0.6335	0.999991	263	1	0.010009	0.036045	0.707426	27	5
PPP4R1	6	0.50606	0.63588	0.999991	264	2	0.087736	0.20724	0.841189	128	1
ANAPC1	6	0.50894	0.63814	0.999991	265	2	0.57307	0.70294	0.984077	378	2
POLR2B	6	0.51471	0.64311	0.999991	266	2	0.89624	0.89747	0.999953	464	1
MSH4	6	0.51549	0.64384	0.999991	267	2	0.080896	0.19398	0.839229	122	2
MSH6	6	0.51784	0.64589	0.999991	268	2	0.57407	0.70371	0.984077	379	1
BUB3	6	0.52237	0.65022	0.999991	269	1	0.076295	0.18525	0.832061	118	3
MSH2	6	0.52486	0.6526	0.999991	270	2	0.92898	0.92846	0.999953	475	0
PSMD2	6	0.52564	0.65329	0.999991	271	2	0.38359	0.56317	0.951318	313	2
CINP	6	0.52896	0.6563	0.999991	272	1	0.47978	0.63201	0.973996	343	2
DMC1	6	0.53332	0.66011	0.999991	273	1	0.35596	0.54404	0.951318	300	2
FANCM	6	0.53801	0.6644	0.999991	274	2	0.08203	0.19635	0.839229	124	3
STAG1	6	0.53877	0.66511	0.999991	275	2	0.29151	0.47494	0.91829	274	2
SIRT1	6	0.54108	0.66758	0.999991	276	2	0.18204	0.34339	0.889721	204	3
REV1	6	0.5449	0.6713	0.999991	277	2	0.1146	0.25835	0.841189	162	2
ERCC8	6	0.54567	0.67203	0.999991	278	2	0.63716	0.75405	0.995677	397	2
UNG	6	0.54719	0.67326	0.999991	279	2	0.16456	0.32084	0.883537	191	3
BRCA2	6	0.55024	0.67599	0.999991	280	2	0.19732	0.36231	0.889721	213	3
NonTargetControl_0007	1	0.55512	0.68032	0.999991	281	0	0.44488	0.60558	0.973996	329	0
NonTargetControl_0035	1	0.56672	0.68527	0.999991	282	0	0.43328	0.59661	0.969948	326	0
RFC2	6	0.57206	0.6874	0.999991	283	1	0.0050221	0.020241	0.663658	15	5
RFC1	6	0.57508	0.68865	0.999991	284	1	0.42515	0.59071	0.968082	323	2
KIF3B	6	0.58106	0.69104	0.999991	285	1	0.54719	0.68353	0.979765	364	2
POLG2	6	0.5986	0.69885	0.999991	286	1	0.27004	0.44981	0.906518	262	3
RAD23A	6	0.59956	0.69928	0.999991	287	1	0.074376	0.18181	0.830795	114	2
MSH5	6	0.60051	0.69975	0.999991	288	1	0.25214	0.42794	0.893622	252	3
CRY2	6	0.60336	0.70079	0.999991	289	1	0.26913	0.44869	0.906518	261	3
TOP2B	6	0.61645	0.70677	0.999991	290	1	0.2416	0.41565	0.893622	242	3
NonTargetControl_0027	1	0.61758	0.70741	0.999991	291	0	0.38242	0.56227	0.951318	311	0
NonTargetControl_0040	1	0.62406	0.71068	0.999991	292	0	0.37594	0.55786	0.951318	309	0
EXO1	6	0.62917	0.71277	0.999991	293	1	0.026075	0.081291	0.783373	47	4
NonTargetControl_0013	1	0.63396	0.71497	0.999991	294	0	0.36604	0.55125	0.951318	304	0
TERF2	6	0.63628	0.71598	0.999991	295	1	0.87108	0.87864	0.999953	455	1
PSMF1	6	0.63716	0.71636	0.999991	296	1	0.032453	0.096236	0.783373	63	4
CDC6	6	0.63891	0.71716	0.999991	297	1	0.25537	0.43164	0.893622	256	3
NonTargetControl_0023	1	0.64386	0.71918	0.999991	298	0	0.35614	0.54419	0.951318	301	0
HMGB2	6	0.64587	0.72026	0.999991	299	1	0.0025991	0.011592	0.554836	11	5
NonTargetControl_0030	1	0.64898	0.72179	0.999991	300	0	0.35102	0.54083	0.951318	297	0
NonTargetControl_0026	1	0.65	0.72215	0.999991	301	0	0.35	0.54001	0.951318	296	0
CDC34	6	0.65101	0.72274	0.999991	302	1	0.041252	0.11542	0.783373	75	2
XRCC4	6	0.65186	0.72314	0.999991	303	1	0.13596	0.28548	0.856917	175	2
NonTargetControl_0004	1	0.65341	0.72383	0.999991	304	0	0.34659	0.53775	0.951318	294	1
PSMD13	6	0.65609	0.72497	0.999991	305	1	0.25096	0.42646	0.893622	250	3
POLM	6	0.65693	0.72542	0.999991	306	1	0.073351	0.17995	0.830795	112	4
NHEJ1	6	0.6611	0.72751	0.999991	307	1	0.32996	0.51981	0.951318	288	2
NonTargetControl_0011	1	0.66911	0.7316	0.999991	308	0	0.33089	0.52091	0.951318	289	1
TREX1	6	0.67419	0.73438	0.999991	309	1	0.073276	0.17982	0.830795	111	3
RUVBL2	6	0.67499	0.73466	0.999991	310	1	0.63647	0.75359	0.995677	396	2
RNF168	6	0.68136	0.73791	0.999991	311	1	0.07503	0.18295	0.830795	116	4
PSME4	6	0.68294	0.73883	0.999991	312	1	0.56158	0.69439	0.979765	373	2
ALKBH3	6	0.68372	0.73926	0.999991	313	1	0.93424	0.93416	0.999953	479	0
PSMB11	6	0.68529	0.74002	0.999991	314	1	0.60146	0.7259	0.993429	387	1
CCNB1	6	0.68607	0.74047	0.999991	315	1	0.64805	0.763	0.995677	402	2
LIG3	6	0.69225	0.74428	0.999991	316	1	0.36769	0.55256	0.951318	305	2
TOPBP1	6	0.69455	0.74554	0.999991	317	1	0.66929	0.78066	0.995677	414	2
CHTF8	6	0.69909	0.74781	0.999991	318	1	0.097565	0.22713	0.841189	138	2
IGF1R	6	0.70209	0.74957	0.999991	319	1	0.25269	0.42859	0.893622	254	2
CCNE1	6	0.70506	0.75121	0.999991	320	1	0.0089794	0.032477	0.707426	23	5
PARP3	6	0.7058	0.75159	0.999991	321	1	0.0053025	0.021287	0.663658	17	5
CDK7	6	0.70654	0.75191	0.999991	322	1	0.68762	0.78931	0.997877	419	1
MMS19	6	0.70801	0.75273	0.999991	323	1	0.0033939	0.014861	0.562588	14	4
NonTargetControl_0002	1	0.70904	0.7534	0.999991	324	0	0.29096	0.47436	0.91829	273	1
NME2	6	0.71456	0.75654	0.999991	325	1	0.069258	0.17141	0.830795	106	4
STAG3	6	0.71671	0.75772	0.999991	326	1	0.098072	0.2279	0.841189	139	4
NonTargetControl_0014	1	0.72577	0.76334	0.999991	327	0	0.27423	0.45465	0.906518	264	1
APTX	6	0.72797	0.76446	0.999991	328	1	0.78518	0.82949	0.999953	436	1
ABL1	6	0.72867	0.76485	0.999991	329	1	0.51157	0.65637	0.979765	352	2
TEP1	6	0.73004	0.76575	0.999991	330	1	0.51471	0.65835	0.979765	354	2
CDC25C	6	0.73142	0.76659	0.999991	331	1	0.65208	0.76623	0.995677	406	2
TP53BP1	6	0.73278	0.76726	0.999991	332	1	0.19115	0.35506	0.889721	211	3
NEIL2	6	0.73819	0.76993	0.999991	333	1	0.02392	0.076789	0.783373	45	4
TMEM189-UBE2V1	6	0.74153	0.77203	0.999991	334	1	0.64331	0.75861	0.995677	401	2
FAM175A	6	0.74417	0.77359	0.999991	335	1	0.46309	0.61961	0.973996	336	1
HES1	6	0.74809	0.77613	0.999991	336	1	0.24244	0.41677	0.893622	243	3
NonTargetControl_0001	1	0.75307	0.77894	0.999991	337	0	0.24693	0.4217	0.893622	247	1
RECQL	6	0.75514	0.78021	0.999991	338	1	0.0028572	0.012825	0.554836	12	5
APEX2	6	0.75704	0.78148	0.999991	339	1	0.031324	0.093415	0.783373	61	2
MTOR	6	0.7583	0.78211	0.999991	340	1	0.56392	0.69594	0.979765	376	1
UBE2D1	6	0.75892	0.78245	0.999991	341	1	0.058579	0.1511	0.830795	93	4
XPC	6	0.76079	0.78366	0.999991	342	1	0.40847	0.57967	0.960071	320	1
TERF2IP	6	0.76389	0.78549	0.999991	343	1	0.24658	0.42127	0.893622	246	3
DLGAP5	6	0.76511	0.78633	0.999991	344	1	0.099058	0.22986	0.841189	140	1
HAUS2	6	0.76633	0.7869	0.999991	345	1	0.039728	0.11213	0.783373	74	2
GTF2H5	6	0.76997	0.7894	0.999991	346	1	0.075313	0.1834	0.830795	117	4
CCNO	6	0.77057	0.78979	0.999991	347	1	0.17927	0.34004	0.889721	202	3
TCEA1	6	0.77177	0.79078	0.999991	348	1	0.14691	0.29911	0.856917	185	3
RAD17	6	0.77533	0.79278	0.999991	349	1	0.18596	0.34832	0.889721	206	3
ORC4	6	0.7771	0.79411	0.999991	350	1	0.053054	0.13976	0.815526	90	2
SPO11	6	0.78117	0.7968	0.999991	351	1	0.17274	0.33175	0.889721	197	2
NonTargetControl_0025	1	0.78891	0.8024	0.999991	352	0	0.21109	0.37899	0.889721	225	1
MLH1	6	0.79191	0.80438	0.999991	353	1	0.77943	0.82657	0.999953	435	1
NonTargetControl_0034	1	0.79642	0.80758	0.999991	354	0	0.20358	0.36991	0.889721	219	1
CENPF	6	0.79684	0.80797	0.999991	355	1	0.0013926	0.0067906	0.449876	8	4
MBD4	6	0.79738	0.80842	0.999991	356	1	0.6247	0.74462	0.995677	394	2
RMI2	6	0.80008	0.81038	0.999991	357	1	0.21309	0.3812	0.889721	226	3
ERCC5	6	0.80061	0.81071	0.999991	358	1	0.067662	0.16833	0.830795	104	4
HAUS6	6	0.80114	0.81112	0.999991	359	1	0.2043	0.37064	0.889721	220	2
NonTargetControl_0049	1	0.80154	0.81148	0.999991	360	0	0.19846	0.36364	0.889721	215	1
REC8	6	0.80168	0.81159	0.999991	361	1	0.064289	0.16211	0.830795	100	2
PMS2	6	0.80274	0.81245	0.999991	362	1	0.39611	0.57126	0.951318	318	2
NonTargetControl_0021	1	0.80324	0.81269	0.999991	363	0	0.19676	0.36164	0.889721	212	1
ORC3	6	0.8038	0.81322	0.999991	364	1	0.59699	0.72237	0.993429	385	2
REPIN1	6	0.80485	0.81402	0.999991	365	1	0.00062355	0.0031104	0.447666	3	4
PMS1	6	0.80642	0.81516	0.999991	366	1	0.035747	0.10356	0.783373	69	2
ATM	6	0.80694	0.81544	0.999991	367	1	0.96124	0.96112	0.999953	495	0
XRCC3	6	0.80746	0.81593	0.999991	368	1	0.02919	0.088259	0.783373	57	3
ABCF2	6	0.80797	0.81624	0.999991	369	1	0.77885	0.82624	0.999953	434	1
NonTargetControl_0017	1	0.81007	0.81768	0.999991	370	0	0.18993	0.35351	0.889721	209	1
PSMB8	6	0.81106	0.81822	0.999991	371	1	0.06602	0.16508	0.830795	103	4
CDKN1B	6	0.81157	0.81862	0.999991	372	1	0.47011	0.62514	0.973996	338	2
PSMD6	6	0.8136	0.82017	0.999991	373	1	0.84411	0.86143	0.999953	446	1
DCLRE1B	6	0.8176	0.82284	0.999991	374	1	0.012113	0.042939	0.71117	32	5
FANCF	6	0.81909	0.82396	0.999991	375	1	0.091234	0.21447	0.841189	131	4
NonTargetControl_0042	1	0.82235	0.82616	0.999991	376	0	0.17765	0.33778	0.889721	201	1
RAD52	6	0.82444	0.82762	0.999991	377	1	0.10093	0.23356	0.841189	143	3
PIF1	6	0.82492	0.82807	0.999991	378	1	0.01121	0.039819	0.707426	29	2
GADD45G	6	0.8273	0.82981	0.999991	379	1	0.13158	0.28023	0.856917	172	3
ERCC6	6	0.83012	0.83179	0.999991	380	1	0.01728	0.058294	0.783373	37	1
NonTargetControl_0028	1	0.83123	0.83289	0.999991	381	0	0.16877	0.32661	0.883537	195	1
PSMD5	6	0.83152	0.83313	0.999991	382	1	0.53872	0.67657	0.979765	363	1
CDC27	6	0.83199	0.83352	0.999991	383	1	0.95606	0.95577	0.999953	491	0
KAT2A	6	0.83971	0.84017	0.999991	384	1	0.094396	0.2203	0.841189	136	3
POLB	6	0.84015	0.84049	0.999991	385	1	0.90051	0.9012	0.999953	466	1
OGG1	6	0.84104	0.84137	0.999991	386	1	0.071696	0.17655	0.830795	110	4
RAD1	6	0.84367	0.84382	0.999991	387	1	0.38944	0.56737	0.951318	315	2
SMC3	6	0.84454	0.84455	0.999991	388	1	0.70284	0.79454	0.997877	422	1
FBXW7	6	0.84584	0.84537	0.999991	389	1	0.13233	0.28112	0.856917	173	2
MGMT	6	0.8467	0.84606	0.999991	390	1	0.11194	0.25396	0.841189	159	4
FANCL	6	0.84756	0.84699	0.999991	391	1	0.28736	0.47014	0.91829	268	2
HFM1	6	0.85178	0.8512	0.999991	392	1	0.1403	0.29074	0.856917	177	3
DICER1	6	0.85793	0.85654	0.999991	393	1	0.95082	0.95032	0.999953	489	0
NonTargetControl_0033	1	0.85819	0.85673	0.999991	394	0	0.14181	0.29282	0.856917	179	1
TERF1	6	0.85833	0.8568	0.999991	395	1	0.59337	0.7191	0.993429	383	2
PRKDC	6	0.85993	0.85811	0.999991	396	1	0.0452	0.1233	0.783373	81	2
MCM8	6	0.86073	0.85889	0.999991	397	1	0.20768	0.375	0.889721	222	1
ANKRD17	6	0.86112	0.85943	0.999991	398	1	0.26045	0.43829	0.90386	257	3
PARP1	6	0.86152	0.85979	0.999991	399	1	0.039273	0.11137	0.783373	73	2
CUL4A	6	0.86846	0.86651	0.999991	400	1	0.010518	0.037577	0.707426	28	4
TADA3	6	0.86884	0.86685	0.999991	401	1	0.019297	0.064198	0.783373	40	3
NonTargetControl_0036	1	0.87321	0.87146	0.999991	402	0	0.12679	0.27399	0.856917	167	1
RNF8	6	0.8733	0.87152	0.999991	403	0	0.25222	0.42807	0.893622	253	3
RBBP8	6	0.87366	0.87186	0.999991	404	0	0.23727	0.41058	0.893622	239	3
APLF	6	0.8762	0.87453	0.999991	405	0	0.3241	0.51268	0.950062	286	2
MUTYH	6	0.87656	0.87492	0.999991	406	0	0.033316	0.098253	0.783373	65	2
PSMD11	6	0.88287	0.88131	0.999991	407	0	0.053191	0.14002	0.815526	91	3
ORC2	6	0.88389	0.88237	0.999991	408	0	0.93715	0.93681	0.999953	483	0
NonTargetControl_0046	1	0.88515	0.88351	0.999991	409	0	0.11485	0.25871	0.841189	163	1
EP300	6	0.88558	0.88392	0.999991	410	0	0.11866	0.26332	0.850972	164	3
RRN3	6	0.88625	0.88449	0.999991	411	0	0.41523	0.58432	0.961764	322	2
MLH3	6	0.88692	0.88506	0.999991	412	0	0.22205	0.39185	0.891323	233	3
FAN1	6	0.88792	0.88613	0.999991	413	0	0.70948	0.79704	0.998654	423	1
FBXO5	6	0.8889	0.88704	0.999991	414	0	0.14498	0.29702	0.856917	183	3
NonTargetControl_0024	1	0.88891	0.88704	0.999991	415	0	0.11109	0.25258	0.841189	157	1
SMEK2	6	0.88956	0.88761	0.999991	416	0	0.5986	0.72362	0.993429	386	1
NonTargetControl_0038	1	0.89061	0.88846	0.999991	417	0	0.10939	0.24944	0.841189	155	1
RAD21L1	6	0.89278	0.89104	0.999991	418	0	0.45697	0.61501	0.973996	332	2
IGF1	6	0.89778	0.89639	0.999991	419	0	0.75641	0.81665	0.999953	432	1
NonTargetControl_0039	1	0.89881	0.89734	0.999991	420	0	0.10119	0.23388	0.841189	144	1
MCM9	6	0.89991	0.89861	0.999991	421	0	0.46674	0.62271	0.973996	337	1
NonTargetControl_0005	1	0.90085	0.89962	0.999991	422	0	0.099147	0.23005	0.841189	142	1
ATRX	6	0.9011	0.89999	0.999991	423	0	0.58973	0.71606	0.993429	382	2
ATXN3	6	0.9014	0.90023	0.999991	424	0	0.11339	0.25648	0.841189	161	4
INPPL1	6	0.90288	0.90223	0.999991	425	0	0.028395	0.086409	0.783373	55	4
NEIL3	6	0.9052	0.90483	0.999991	426	0	0.047119	0.12756	0.783373	85	4
MPG	6	0.90549	0.90507	0.999991	427	0	0.25411	0.43018	0.893622	255	3
SLK	6	0.90577	0.90535	0.999991	428	0	0.27391	0.45411	0.906518	263	3
RB1	6	0.90804	0.90758	0.999991	429	0	0.19738	0.36244	0.889721	214	3
DDB2	6	0.90971	0.90894	0.999991	430	0	0.10505	0.24144	0.841189	150	3
CRY1	6	0.90998	0.90916	0.999991	431	0	0.83792	0.85749	0.999953	443	1
BRIP1	6	0.91026	0.90946	0.999991	432	0	0.89778	0.89883	0.999953	465	1
ALKBH2	6	0.91081	0.91004	0.999991	433	0	0.074806	0.18262	0.830795	115	3
NCOA6	6	0.91216	0.91129	0.999991	434	0	0.01843	0.061788	0.783373	38	3
POLN	6	0.91243	0.9115	0.999991	435	0	0.29878	0.48331	0.924742	277	3
XRCC1	6	0.9127	0.91169	0.999991	436	0	0.024304	0.077629	0.783373	46	4
NonTargetControl_0008	1	0.91382	0.91299	0.999991	437	0	0.086177	0.20418	0.841189	126	1
SMUG1	6	0.91535	0.91447	0.999991	438	0	0.1803	0.34137	0.889721	203	2
CIB1	6	0.91639	0.91568	0.999991	439	0	0.043227	0.11925	0.783373	77	2
TNIK	6	0.91665	0.91596	0.999991	440	0	0.0091797	0.03315	0.707426	24	3
DCLRE1A	6	0.91691	0.91621	0.999991	441	0	0.55479	0.68929	0.979765	370	2
PSMA1	6	0.91742	0.91662	0.999991	442	0	0.067731	0.16844	0.830795	105	4
CSNK1D	6	0.91995	0.91938	0.999991	443	0	0.9127	0.91282	0.999953	469	1
DDX11	6	0.92119	0.92071	0.999991	444	0	0.044556	0.12183	0.783373	80	3
RRM2B	6	0.92144	0.92091	0.999991	445	0	0.23156	0.40382	0.893622	237	2
USP44	6	0.92314	0.92265	0.999991	446	0	0.26254	0.44058	0.905077	258	3
RASSF7	6	0.9241	0.92355	0.999991	447	0	0.033434	0.098534	0.783373	66	3
NUDT1	6	0.926	0.9257	0.999991	448	0	0.65342	0.76739	0.995677	407	2
FANCA	6	0.92646	0.92614	0.999991	449	0	0.89247	0.89442	0.999953	461	1
MAP10	6	0.92716	0.92712	0.999991	450	0	0.14844	0.30102	0.85774	186	3
PSMB10	6	0.92762	0.92755	0.999991	451	0	0.33332	0.52362	0.951318	291	2
C11orf30	6	0.92785	0.92771	0.999991	452	0	0.093479	0.21862	0.841189	135	4
ASF1A	6	0.93077	0.93078	0.999991	453	0	0.10487	0.24107	0.841189	149	4
PSMB9	6	0.93121	0.93123	0.999991	454	0	0.29283	0.47647	0.91829	275	3
PSMD10	6	0.93143	0.93152	0.999991	455	0	0.081691	0.19562	0.839229	123	4
PARP4	6	0.9336	0.93375	0.999991	456	0	0.12072	0.26592	0.854155	165	3
NonTargetControl_0015	1	0.93532	0.93548	0.999991	457	0	0.064676	0.16282	0.830795	101	1
RFWD2	6	0.93571	0.93575	0.999991	458	0	0.28889	0.47189	0.91829	271	3
NonTargetControl_0043	1	0.93669	0.93659	0.999991	459	0	0.063311	0.16026	0.830795	99	1
NonTargetControl_0041	1	0.93703	0.93683	0.999991	460	0	0.062969	0.15968	0.830795	98	1
WRNIP1	6	0.93715	0.93696	0.999991	461	0	0.0083879	0.030609	0.707426	22	4
POLK	6	0.93816	0.93788	0.999991	462	0	0.16301	0.31893	0.883537	189	3
ORC5	6	0.94132	0.94085	0.999991	463	0	0.10663	0.24441	0.841189	153	3
USP1	6	0.94265	0.94223	0.999991	464	0	0.45713	0.61507	0.973996	333	2
NonTargetControl_0009	1	0.94352	0.94294	0.999991	465	0	0.056485	0.14709	0.830795	92	1
WAPAL	6	0.94359	0.94303	0.999991	466	0	0.24595	0.42063	0.893622	245	3
BTG2	6	0.94489	0.94425	0.999991	467	0	0.37326	0.55588	0.951318	308	1
PSME3	6	0.94579	0.94535	0.999991	468	0	0.94947	0.9488	0.999953	488	0
MNAT1	6	0.94615	0.94568	0.999991	469	0	0.87763	0.88363	0.999953	457	1
RPA4	6	0.94687	0.94638	0.999991	470	0	0.086535	0.20475	0.841189	127	4
TAOK1	6	0.94722	0.94684	0.999991	471	0	0.05169	0.13694	0.815497	89	3
FANCC	6	0.94896	0.94841	0.999991	472	0	0.0073915	0.027676	0.707426	19	5
AP5Z1	6	0.95015	0.94993	0.999991	473	0	0.077883	0.18839	0.839047	119	4
BRCC3	6	0.95115	0.95105	0.999991	474	0	0.33583	0.5268	0.951318	292	2
NonTargetControl_0019	1	0.9541	0.95392	0.999991	475	0	0.045904	0.12487	0.783373	82	1
TRAF3IP3	6	0.95515	0.95491	0.999991	476	0	0.51706	0.66003	0.979765	356	2
ATRIP	6	0.9553	0.95508	0.999991	477	0	0.56533	0.69693	0.979765	377	2
NonTargetControl_0022	1	0.95614	0.956	0.999991	478	0	0.043857	0.12065	0.783373	78	1
TNP1	6	0.95704	0.95701	0.999991	479	0	0.044353	0.1216	0.783373	79	3
AURKC	6	0.95814	0.95824	0.999991	480	0	0.070606	0.17376	0.830795	109	4
NonTargetControl_0037	1	0.95853	0.95863	0.999991	481	0	0.041468	0.11585	0.783373	76	1
BCL2	6	0.96041	0.96067	0.999991	482	0	0.096746	0.22568	0.841189	137	4
FANCB	6	0.96055	0.96078	0.999991	483	0	0.028098	0.08583	0.783373	53	4
ERCC4	6	0.9611	0.96132	0.999991	484	0	0.031124	0.092911	0.783373	60	2
PAPD7	6	0.96151	0.96173	0.999991	485	0	0.21104	0.37896	0.889721	224	2
FANCD2	6	0.9635	0.96343	0.999991	486	0	0.9017	0.90246	0.999953	467	1
GTF2H1	6	0.96453	0.96438	0.999991	487	0	0.29547	0.47957	0.920918	276	3
NonTargetControl_0047	1	0.96468	0.96452	0.999991	488	0	0.035324	0.1027	0.783373	68	1
GTF2H4	6	0.96614	0.96569	0.999991	489	0	0.20079	0.36663	0.889721	216	3
APC	6	0.96627	0.96575	0.999991	490	0	0.13989	0.29028	0.856917	176	3
PPP4R4	6	0.96711	0.96648	0.999991	491	0	0.22605	0.3967	0.893622	235	1
TK2	6	0.96874	0.96801	0.999991	492	0	0.32355	0.51206	0.950062	285	3
TUBB1	6	0.96908	0.96827	0.999991	493	0	0.03229	0.095918	0.783373	62	4
OXR1	6	0.97008	0.96939	0.999991	494	0	0.64872	0.76358	0.995677	403	2
TREX2	6	0.9703	0.96975	0.999991	495	0	0.10281	0.23698	0.841189	145	3
TDP1	6	0.97041	0.96986	0.999991	496	0	0.088083	0.20791	0.841189	130	3
NonTargetControl_0018	1	0.9715	0.97098	0.999991	497	0	0.028498	0.086634	0.783373	56	1
NonTargetControl_0003	1	0.97184	0.97135	0.999991	498	0	0.028157	0.08598	0.783373	54	1
DCLRE1C	6	0.9719	0.97146	0.999991	499	0	0.07053	0.17369	0.830795	108	3
NTHL1	6	0.97211	0.97165	0.999991	500	0	0.022845	0.074248	0.783373	44	4
CETN2	6	0.97222	0.97174	0.999991	501	0	0.27455	0.45497	0.906518	266	3
CHAF1A	6	0.97323	0.97279	0.999991	502	0	0.0010235	0.005128	0.447666	5	3
EGFR	6	0.97787	0.97746	0.999991	503	0	0.092513	0.21703	0.841189	134	4
BLM	6	0.97804	0.97765	0.999991	504	0	0.55356	0.68839	0.979765	368	1
NonTargetControl_0012	1	0.97969	0.97924	0.999991	505	0	0.020307	0.067317	0.783373	42	1
NBN	6	0.98008	0.9798	0.999991	506	0	0.018589	0.062236	0.783373	39	5
NonTargetControl_0048	1	0.98038	0.98006	0.999991	507	0	0.019625	0.06515	0.783373	41	1
RAD9B	6	0.981	0.98064	0.999991	508	0	0.24697	0.42174	0.893622	248	2
PDS5B	6	0.98138	0.98095	0.999991	509	0	0.079919	0.19207	0.839229	120	4
MAD1L1	6	0.98408	0.98374	0.999991	510	0	0.026276	0.081739	0.783373	48	4
TP53	6	0.98441	0.98411	0.999991	511	0	0.015425	0.053288	0.783373	35	5
TERT	6	0.98588	0.98559	0.999991	512	0	0.10417	0.23973	0.841189	146	4
MSH3	6	0.98594	0.98566	0.999991	513	0	0.1123	0.25463	0.841189	160	4
ERCC1	6	0.98838	0.98811	0.999991	514	0	0.027219	0.083813	0.783373	50	4
PML	6	0.98882	0.98876	0.999991	515	0	0.0019018	0.0090136	0.496535	9	4
CEP63	6	0.9892	0.98921	0.999991	516	0	0.036705	0.10569	0.783373	70	4
NonTargetControl_0020	1	0.99027	0.99048	0.999991	517	0	0.009727	0.035111	0.707426	26	1
NonTargetControl_0050	1	0.99061	0.99078	0.999991	518	0	0.0093857	0.033897	0.707426	25	1
RECQL5	6	0.99192	0.9919	0.999991	519	0	0.0019935	0.0093686	0.496535	10	5
NonTargetControl_0029	1	0.99198	0.99196	0.999991	520	0	0.0080205	0.029694	0.707426	21	1
TK1	6	0.99277	0.9928	0.999991	521	0	0.011258	0.040043	0.707426	30	5
POLI	6	0.99329	0.99338	0.999991	522	0	0.10661	0.24436	0.841189	152	4
NEIL1	6	0.99407	0.99418	0.999991	523	0	0.026478	0.082113	0.783373	49	4
FANCI	6	0.99438	0.99446	0.999991	524	0	0.05142	0.13631	0.815497	88	4
SMC1B	6	0.99446	0.99454	0.999991	525	0	0.0064914	0.024612	0.707426	18	5
GADD45A	6	0.99699	0.99717	0.999991	526	0	0.011802	0.041762	0.71117	31	5
CCNE2	6	0.99762	0.99782	0.999991	527	0	0.0076971	0.028797	0.707426	20	5
NonTargetControl_0010	1	0.99881	0.99894	0.999991	528	0	0.0011945	0.0059126	0.447666	7	1
TP73	6	0.99883	0.99894	0.999991	529	0	0.0011655	0.0058565	0.447666	6	6
HDAC4	6	1.0	0.99999	0.999991	530	0	1.118e-06	9.3406e-06	0.00495	1	6
